{
    "city_pop": {
        "mean": 89057.75906349093,
        "std": 302435.05761992105
    },
    "merch_zipcode": {
        "mean": 48801.59060439168,
        "std": 26898.040351269334
    },
    "dob_year": {
        "mean": 1973.229006985671,
        "std": 17.36427679781096
    },
    "log_amt": {
        "mean": 3.532571795074212,
        "std": 1.2891183666146893
    },
    "hour": {
        "mean": 12.800773430608206,
        "std": 6.816861057754234
    }
}